"month","division","line","day_type","num_on_time_trips","num_sched_trips","terminal_on_time_performance"
"2025-01-01","A DIVISION","1","1","8,510","10,164","83.72687918142%"
"2025-01-01","A DIVISION","1","2","2,335","2,847","82.01615735862%"
"2025-01-01","A DIVISION","2","1","5,065","7,100","71.33802816901%"
"2025-01-01","A DIVISION","2","2","1,358","2,140","63.45794392523%"
"2025-01-01","A DIVISION","3","1","5,396","6,562","82.23102712588%"
"2025-01-01","A DIVISION","3","2","1,426","1,983","71.91124558749%"
"2025-01-01","A DIVISION","4","1","6,521","8,142","80.09088676001%"
"2025-01-01","A DIVISION","4","2","2,284","2,736","83.47953216374%"
"2025-01-01","A DIVISION","5","1","5,416","7,140","75.85434173669%"
"2025-01-01","A DIVISION","5","2","2,093","2,273","92.08095028597%"
"2025-01-01","A DIVISION","6","1","10,367","12,254","84.60094662967%"
"2025-01-01","A DIVISION","6","2","2,419","2,784","86.88936781609%"
"2025-01-01","A DIVISION","7","1","13,193","14,121","93.42822746264%"
"2025-01-01","A DIVISION","7","2","2,528","2,816","89.77272727273%"
"2025-01-01","A DIVISION","S 42nd","1","11,874","11,876","99.9831593129%"
"2025-01-01","A DIVISION","S 42nd","2","3,558","3,568","99.7197309417%"
"2025-01-01","B DIVISION","A","1","6,840","8,515","80.32883147387%"
"2025-01-01","B DIVISION","A","2","2,765","3,372","81.99881376038%"
"2025-01-01","B DIVISION","B","1","2,897","4,734","61.19560625264%"
"2025-01-01","B DIVISION","C","1","3,488","4,884","71.41687141687%"
"2025-01-01","B DIVISION","C","2","641","774","82.8165374677%"
"2025-01-01","B DIVISION","D","1","5,227","6,778","77.11714370021%"
"2025-01-01","B DIVISION","D","2","2,589","2,819","91.84107839659%"
"2025-01-01","B DIVISION","E","1","7,186","9,020","79.66740576497%"
"2025-01-01","B DIVISION","E","2","2,149","2,464","87.21590909091%"
"2025-01-01","B DIVISION","F","1","5,924","8,624","68.69202226345%"
"2025-01-01","B DIVISION","F","2","1,486","1,874","79.29562433298%"
"2025-01-01","B DIVISION","G","1","4,827","6,796","71.02707474985%"
"2025-01-01","B DIVISION","G","2","1,576","2,315","68.0777537797%"
"2025-01-01","B DIVISION","JZ","1","5,842","6,543","89.28626012532%"
"2025-01-01","B DIVISION","JZ","2","2,016","2,200","91.63636363636%"
"2025-01-01","B DIVISION","L","1","10,960","12,004","91.30289903366%"
"2025-01-01","B DIVISION","L","2","3,582","3,882","92.27202472952%"
"2025-01-01","B DIVISION","M","1","5,813","6,422","90.51697290564%"
"2025-01-01","B DIVISION","M","2","2,175","2,244","96.92513368984%"
"2025-01-01","B DIVISION","N","1","7,952","10,384","76.57935285054%"
"2025-01-01","B DIVISION","N","2","1,642","2,074","79.17068466731%"
"2025-01-01","B DIVISION","Q","1","5,734","7,253","79.05694195505%"
"2025-01-01","B DIVISION","Q","2","3,043","3,358","90.61941631924%"
"2025-01-01","B DIVISION","R","1","4,773","6,596","72.36203759854%"
"2025-01-01","B DIVISION","R","2","1,557","1,780","87.47191011236%"
"2025-01-01","B DIVISION","S Fkln","1","5,130","5,180","99.03474903475%"
"2025-01-01","B DIVISION","S Fkln","2","2,136","2,142","99.71988795518%"
"2025-01-01","B DIVISION","S Rock","1","3,602","3,713","97.01050363587%"
"2025-01-01","B DIVISION","S Rock","2","1,100","1,117","98.47806624888%"
"2025-02-01","A DIVISION","1","1","7,077","8,754","80.84304318026%"
"2025-02-01","A DIVISION","1","2","2,261","2,646","85.44973544974%"
"2025-02-01","A DIVISION","2","1","4,396","6,118","71.85354691076%"
"2025-02-01","A DIVISION","2","2","1,336","1,904","70.16806722689%"
"2025-02-01","A DIVISION","3","1","4,446","5,551","80.09367681499%"
"2025-02-01","A DIVISION","3","2","1,243","1,880","66.1170212766%"
"2025-02-01","A DIVISION","4","1","5,751","7,033","81.7716479454%"
"2025-02-01","A DIVISION","4","2","1,789","2,418","73.98676592225%"
"2025-02-01","A DIVISION","5","1","4,986","6,145","81.13913751017%"
"2025-02-01","A DIVISION","5","2","1,496","1,769","84.56755228943%"
"2025-02-01","A DIVISION","6","1","8,877","10,598","83.76108699755%"
"2025-02-01","A DIVISION","6","2","2,291","2,736","83.73538011696%"
"2025-02-01","A DIVISION","7","1","11,042","12,189","90.58987611781%"
"2025-02-01","A DIVISION","7","2","2,824","2,954","95.59918754232%"
"2025-02-01","A DIVISION","S 42nd","1","10,125","10,142","99.83238020114%"
"2025-02-01","A DIVISION","S 42nd","2","3,419","3,452","99.04403244496%"
"2025-02-01","B DIVISION","A","1","5,933","7,125","83.2701754386%"
"2025-02-01","B DIVISION","A","2","2,182","2,530","86.24505928854%"
"2025-02-01","B DIVISION","B","1","2,697","4,056","66.49408284024%"
"2025-02-01","B DIVISION","C","1","3,122","4,218","74.01612138454%"
"2025-02-01","B DIVISION","C","2","1,172","1,410","83.12056737589%"
"2025-02-01","B DIVISION","D","1","4,283","5,764","74.30603747398%"
"2025-02-01","B DIVISION","D","2","1,565","1,944","80.50411522634%"
"2025-02-01","B DIVISION","E","1","5,765","7,790","74.00513478819%"
"2025-02-01","B DIVISION","E","2","1,522","1,896","80.27426160338%"
"2025-02-01","B DIVISION","F","1","5,020","7,448","67.40064446831%"
"2025-02-01","B DIVISION","F","2","1,146","1,888","60.69915254237%"
"2025-02-01","B DIVISION","G","1","4,374","5,760","75.9375%"
"2025-02-01","B DIVISION","G","2","2,169","2,614","82.97628156083%"
"2025-02-01","B DIVISION","JZ","1","5,027","5,663","88.76920360233%"
"2025-02-01","B DIVISION","JZ","2","2,133","2,196","97.13114754098%"
"2025-02-01","B DIVISION","L","1","9,260","10,366","89.33050356936%"
"2025-02-01","B DIVISION","L","2","3,724","3,928","94.80651731161%"
"2025-02-01","B DIVISION","M","1","4,596","5,510","83.41197822142%"
"2025-02-01","B DIVISION","M","2","1,260","1,272","99.05660377358%"
"2025-02-01","B DIVISION","N","1","7,048","8,918","79.03117290872%"
"2025-02-01","B DIVISION","N","2","1,551","2,232","69.48924731183%"
"2025-02-01","B DIVISION","Q","1","4,827","6,021","80.16940707524%"
"2025-02-01","B DIVISION","Q","2","2,656","2,912","91.20879120879%"
"2025-02-01","B DIVISION","R","1","3,979","5,633","70.6373158175%"
"2025-02-01","B DIVISION","R","2","1,651","1,944","84.92798353909%"
"2025-02-01","B DIVISION","S Fkln","1","4,505","4,522","99.62406015038%"
"2025-02-01","B DIVISION","S Fkln","2","2,137","2,142","99.76657329599%"
"2025-02-01","B DIVISION","S Rock","1","3,292","3,306","99.57652752571%"
"2025-02-01","B DIVISION","S Rock","2","1,544","1,566","98.59514687101%"
"2025-03-01","A DIVISION","1","1","7,983","9,982","79.97395311561%"
"2025-03-01","A DIVISION","1","2","2,639","3,010","87.67441860465%"
"2025-03-01","A DIVISION","2","1","4,760","6,744","70.581257414%"
"2025-03-01","A DIVISION","2","2","1,531","2,204","69.46460980036%"
"2025-03-01","A DIVISION","3","1","5,046","6,139","82.19579736113%"
"2025-03-01","A DIVISION","3","2","1,477","2,110","70%"
"2025-03-01","A DIVISION","4","1","6,609","7,773","85.02508683906%"
"2025-03-01","A DIVISION","4","2","2,281","2,664","85.62312312312%"
"2025-03-01","A DIVISION","5","1","5,420","6,807","79.62391655649%"
"2025-03-01","A DIVISION","5","2","1,626","1,919","84.73163105784%"
"2025-03-01","A DIVISION","6","1","10,478","12,462","84.07960199005%"
"2025-03-01","A DIVISION","6","2","2,958","3,388","87.30814639906%"
"2025-03-01","A DIVISION","7","1","12,069","13,476","89.55921638468%"
"2025-03-01","A DIVISION","7","2","3,315","3,448","96.14269141531%"
"2025-03-01","A DIVISION","S 42nd","1","11,004","11,018","99.87293519695%"
"2025-03-01","A DIVISION","S 42nd","2","3,818","3,824","99.84309623431%"
"2025-03-01","B DIVISION","A","1","6,761","7,875","85.85396825397%"
"2025-03-01","B DIVISION","A","2","2,295","2,797","82.05219878441%"
"2025-03-01","B DIVISION","B","1","3,372","4,514","74.70093043864%"
"2025-03-01","B DIVISION","C","1","3,483","4,662","74.71042471042%"
"2025-03-01","B DIVISION","C","2","1,060","1,560","67.94871794872%"
"2025-03-01","B DIVISION","D","1","5,186","6,390","81.15805946792%"
"2025-03-01","B DIVISION","D","2","2,343","2,583","90.70847851336%"
"2025-03-01","B DIVISION","E","1","6,489","8,470","76.61157024793%"
"2025-03-01","B DIVISION","E","2","1,792","2,094","85.57784145177%"
"2025-03-01","B DIVISION","F","1","5,981","8,160","73.29656862745%"
"2025-03-01","B DIVISION","F","2","1,438","2,074","69.33461909354%"
"2025-03-01","B DIVISION","G","1","5,346","6,529","81.88083933221%"
"2025-03-01","B DIVISION","G","2","2,079","2,570","80.89494163424%"
"2025-03-01","B DIVISION","JZ","1","5,549","6,259","88.65633487778%"
"2025-03-01","B DIVISION","JZ","2","2,172","2,424","89.60396039604%"
"2025-03-01","B DIVISION","L","1","10,659","11,458","93.02670623145%"
"2025-03-01","B DIVISION","L","2","4,555","4,714","96.62706830717%"
"2025-03-01","B DIVISION","M","1","5,126","6,098","84.06034765497%"
"2025-03-01","B DIVISION","M","2","1,486","1,518","97.89196310935%"
"2025-03-01","B DIVISION","N","1","8,448","10,390","81.30895091434%"
"2025-03-01","B DIVISION","N","2","2,024","2,526","80.12668250198%"
"2025-03-01","B DIVISION","Q","1","5,437","6,611","82.24171834821%"
"2025-03-01","B DIVISION","Q","2","2,351","2,606","90.21488871834%"
"2025-03-01","B DIVISION","R","1","5,051","6,231","81.06242978655%"
"2025-03-01","B DIVISION","R","2","1,957","2,154","90.85422469824%"
"2025-03-01","B DIVISION","S Fkln","1","4,975","4,998","99.53981592637%"
"2025-03-01","B DIVISION","S Fkln","2","2,241","2,252","99.51154529307%"
"2025-03-01","B DIVISION","S Rock","1","3,576","3,654","97.86535303777%"
"2025-03-01","B DIVISION","S Rock","2","1,710","1,734","98.61591695502%"
"2025-04-01","A DIVISION","1","1","8,655","10,316","83.89879798371%"
"2025-04-01","A DIVISION","1","2","2,359","2,528","93.31487341772%"
"2025-04-01","A DIVISION","2","1","5,060","7,184","70.43429844098%"
"2025-04-01","A DIVISION","2","2","1,276","1,892","67.44186046512%"
"2025-04-01","A DIVISION","3","1","5,297","6,237","84.92865159532%"
"2025-04-01","A DIVISION","3","2","1,424","1,799","79.15508615898%"
"2025-04-01","A DIVISION","4","1","6,784","8,134","83.40299975412%"
"2025-04-01","A DIVISION","4","2","1,497","2,136","70.08426966292%"
"2025-04-01","A DIVISION","5","1","5,604","7,126","78.64159416222%"
"2025-04-01","A DIVISION","5","2","1,328","1,595","83.26018808777%"
"2025-04-01","A DIVISION","6","1","11,281","13,139","85.85889337088%"
"2025-04-01","A DIVISION","6","2","2,582","3,176","81.29722921914%"
"2025-04-01","A DIVISION","7","1","12,886","14,150","91.06713780919%"
"2025-04-01","A DIVISION","7","2","2,931","3,248","90.24014778325%"
"2025-04-01","A DIVISION","S 42nd","1","11,526","11,526","100%"
"2025-04-01","A DIVISION","S 42nd","2","2,728","2,728","100%"
"2025-04-01","B DIVISION","A","1","7,095","8,250","86%"
"2025-04-01","B DIVISION","A","2","1,857","2,244","82.75401069519%"
"2025-04-01","B DIVISION","B","1","3,719","4,796","77.54378648874%"
"2025-04-01","B DIVISION","C","1","3,693","4,884","75.61425061425%"
"2025-04-01","B DIVISION","C","2","816","1,248","65.38461538462%"
"2025-04-01","B DIVISION","D","1","5,390","6,512","82.77027027027%"
"2025-04-01","B DIVISION","D","2","1,242","1,728","71.875%"
"2025-04-01","B DIVISION","E","1","6,522","8,625","75.61739130435%"
"2025-04-01","B DIVISION","E","2","1,455","1,680","86.60714285714%"
"2025-04-01","B DIVISION","F","1","6,098","8,360","72.94258373206%"
"2025-04-01","B DIVISION","F","2","1,337","1,672","79.96411483254%"
"2025-04-01","B DIVISION","G","1","5,336","6,843","77.97749525062%"
"2025-04-01","B DIVISION","G","2","2,124","2,356","90.15280135823%"
"2025-04-01","B DIVISION","JZ","1","6,197","6,540","94.75535168196%"
"2025-04-01","B DIVISION","JZ","2","1,693","1,860","91.02150537634%"
"2025-04-01","B DIVISION","L","1","10,514","12,012","87.52913752914%"
"2025-04-01","B DIVISION","L","2","2,811","3,084","91.14785992218%"
"2025-04-01","B DIVISION","M","1","5,358","6,424","83.40597758406%"
"2025-04-01","B DIVISION","M","2","1,975","2,014","98.0635551142%"
"2025-04-01","B DIVISION","N","1","8,081","10,099","80.01782354689%"
"2025-04-01","B DIVISION","N","2","1,287","1,728","74.47916666667%"
"2025-04-01","B DIVISION","Q","1","5,697","6,901","82.55325315172%"
"2025-04-01","B DIVISION","Q","2","2,444","2,580","94.72868217054%"
"2025-04-01","B DIVISION","R","1","5,386","6,579","81.86654506764%"
"2025-04-01","B DIVISION","R","2","1,558","1,728","90.16203703704%"
"2025-04-01","B DIVISION","S Fkln","1","5,218","5,232","99.73241590214%"
"2025-04-01","B DIVISION","S Fkln","2","1,904","1,904","100%"
"2025-04-01","B DIVISION","S Rock","1","3,800","3,828","99.26854754441%"
"2025-04-01","B DIVISION","S Rock","2","1,388","1,392","99.71264367816%"
"2025-05-01","A DIVISION","1","1","7,723","9,714","79.50380893556%"
"2025-05-01","A DIVISION","1","2","3,314","3,636","91.14411441144%"
"2025-05-01","A DIVISION","2","1","5,164","7,091","72.82470737555%"
"2025-05-01","A DIVISION","2","2","1,835","2,592","70.79475308642%"
"2025-05-01","A DIVISION","3","1","5,254","5,970","88.0067001675%"
"2025-05-01","A DIVISION","3","2","1,653","2,071","79.81651376147%"
"2025-05-01","A DIVISION","4","1","6,554","7,772","84.32835820896%"
"2025-05-01","A DIVISION","4","2","2,092","2,670","78.35205992509%"
"2025-05-01","A DIVISION","5","1","5,482","6,722","81.55310919369%"
"2025-05-01","A DIVISION","5","2","2,188","2,355","92.90870488323%"
"2025-05-01","A DIVISION","6","1","10,088","11,702","86.20748589985%"
"2025-05-01","A DIVISION","6","2","2,854","3,160","90.3164556962%"
"2025-05-01","A DIVISION","7","1","12,600","13,482","93.45794392523%"
"2025-05-01","A DIVISION","7","2","3,424","3,920","87.34693877551%"
"2025-05-01","A DIVISION","S 42nd","1","10,989","11,018","99.73679433654%"
"2025-05-01","A DIVISION","S 42nd","2","3,480","3,482","99.94256174612%"
"2025-05-01","B DIVISION","A","1","6,671","7,937","84.04938893789%"
"2025-05-01","B DIVISION","A","2","2,292","2,805","81.71122994652%"
"2025-05-01","B DIVISION","B","1","3,380","4,392","76.95810564663%"
"2025-05-01","B DIVISION","C","1","3,852","4,662","82.62548262548%"
"2025-05-01","B DIVISION","C","2","1,123","1,560","71.98717948718%"
"2025-05-01","B DIVISION","D","1","5,057","6,253","80.87318087318%"
"2025-05-01","B DIVISION","D","2","1,714","2,160","79.35185185185%"
"2025-05-01","B DIVISION","E","1","6,655","8,232","80.84305150632%"
"2025-05-01","B DIVISION","E","2","1,713","2,100","81.57142857143%"
"2025-05-01","B DIVISION","F","1","5,969","7,980","74.79949874687%"
"2025-05-01","B DIVISION","F","2","1,416","2,090","67.75119617225%"
"2025-05-01","B DIVISION","G","1","5,455","6,578","82.92794162359%"
"2025-05-01","B DIVISION","G","2","3,282","3,540","92.71186440678%"
"2025-05-01","B DIVISION","JZ","1","5,720","6,237","91.71075837743%"
"2025-05-01","B DIVISION","JZ","2","2,065","2,260","91.37168141593%"
"2025-05-01","B DIVISION","L","1","10,306","11,616","88.72245179063%"
"2025-05-01","B DIVISION","L","2","4,523","4,720","95.82627118644%"
"2025-05-01","B DIVISION","M","1","5,145","6,132","83.90410958904%"
"2025-05-01","B DIVISION","M","2","2,423","2,510","96.53386454183%"
"2025-05-01","B DIVISION","N","1","8,073","10,059","80.2564867283%"
"2025-05-01","B DIVISION","N","2","2,635","3,248","81.12684729064%"
"2025-05-01","B DIVISION","Q","1","5,522","6,695","82.47946228529%"
"2025-05-01","B DIVISION","Q","2","1,921","2,610","73.60153256705%"
"2025-05-01","B DIVISION","R","1","5,244","6,355","82.51770259638%"
"2025-05-01","B DIVISION","R","2","1,873","2,160","86.71296296296%"
"2025-05-01","B DIVISION","S Fkln","1","4,972","4,998","99.47979191677%"
"2025-05-01","B DIVISION","S Fkln","2","2,380","2,380","100%"
"2025-05-01","B DIVISION","S Rock","1","3,404","3,572","95.2967525196%"
"2025-05-01","B DIVISION","S Rock","2","1,233","1,322","93.26777609682%"
"2025-06-01","A DIVISION","1","1","8,475","9,886","85.72729111875%"
"2025-06-01","A DIVISION","1","2","2,722","3,052","89.1874180865%"
"2025-06-01","A DIVISION","2","1","5,311","6,887","77.11630608393%"
"2025-06-01","A DIVISION","2","2","1,849","2,546","72.62372348782%"
"2025-06-01","A DIVISION","3","1","5,118","6,070","84.31630971993%"
"2025-06-01","A DIVISION","3","2","1,452","1,846","78.65655471289%"
"2025-06-01","A DIVISION","4","1","6,606","7,771","85.00836443186%"
"2025-06-01","A DIVISION","4","2","1,708","2,388","71.5242881072%"
"2025-06-01","A DIVISION","5","1","5,412","6,591","82.11197086937%"
"2025-06-01","A DIVISION","5","2","1,410","1,653","85.29945553539%"
"2025-06-01","A DIVISION","6","1","10,227","11,700","87.41025641026%"
"2025-06-01","A DIVISION","6","2","2,376","2,756","86.21190130624%"
"2025-06-01","A DIVISION","7","1","11,514","13,458","85.55506018725%"
"2025-06-01","A DIVISION","7","2","3,181","3,310","96.10271903323%"
"2025-06-01","A DIVISION","S 42nd","1","10,996","11,088","99.17027417027%"
"2025-06-01","A DIVISION","S 42nd","2","3,314","3,314","100%"
"2025-06-01","B DIVISION","A","1","6,110","8,029","76.09914061527%"
"2025-06-01","B DIVISION","A","2","1,976","2,519","78.44382691544%"
"2025-06-01","B DIVISION","B","1","3,345","4,610","72.55965292842%"
"2025-06-01","B DIVISION","C","1","3,593","4,662","77.06992706993%"
"2025-06-01","B DIVISION","C","2","1,204","1,398","86.12303290415%"
"2025-06-01","B DIVISION","D","1","4,748","6,216","76.38352638353%"
"2025-06-01","B DIVISION","D","2","1,452","1,944","74.69135802469%"
"2025-06-01","B DIVISION","E","1","6,233","8,296","75.13259402122%"
"2025-06-01","B DIVISION","E","2","1,934","2,174","88.96044158234%"
"2025-06-01","B DIVISION","F","1","5,997","8,117","73.88197609954%"
"2025-06-01","B DIVISION","F","2","1,394","1,874","74.386339381%"
"2025-06-01","B DIVISION","G","1","5,164","6,319","81.72179142269%"
"2025-06-01","B DIVISION","G","2","2,008","2,312","86.85121107266%"
"2025-06-01","B DIVISION","JZ","1","5,519","6,239","88.45968905273%"
"2025-06-01","B DIVISION","JZ","2","1,944","2,096","92.74809160305%"
"2025-06-01","B DIVISION","L","1","10,225","11,818","86.5205618548%"
"2025-06-01","B DIVISION","L","2","4,103","4,320","94.97685185185%"
"2025-06-01","B DIVISION","M","1","4,927","6,132","80.34898891063%"
"2025-06-01","B DIVISION","M","2","2,196","2,244","97.86096256684%"
"2025-06-01","B DIVISION","N","1","7,603","9,905","76.75921251893%"
"2025-06-01","B DIVISION","N","2","1,354","1,943","69.68605249614%"
"2025-06-01","B DIVISION","Q","1","5,313","6,615","80.31746031746%"
"2025-06-01","B DIVISION","Q","2","1,842","2,278","80.86040386304%"
"2025-06-01","B DIVISION","R","1","5,210","6,346","82.09895997479%"
"2025-06-01","B DIVISION","R","2","1,795","1,942","92.43048403708%"
"2025-06-01","B DIVISION","S Fkln","1","4,953","4,998","99.09963985594%"
"2025-06-01","B DIVISION","S Fkln","2","2,122","2,142","99.06629318394%"
"2025-06-01","B DIVISION","S Rock","1","3,122","3,528","88.49206349206%"
"2025-06-01","B DIVISION","S Rock","2","1,216","1,398","86.98140200286%"
"2025-07-01","A DIVISION","1","1","8,199","10,348","79.2327019714%"
"2025-07-01","A DIVISION","1","2","3,186","3,424","93.04906542056%"
"2025-07-01","A DIVISION","2","1","5,520","7,187","76.80534298038%"
"2025-07-01","A DIVISION","2","2","2,920","3,412","85.58030480657%"
"2025-07-01","A DIVISION","3","1","5,424","6,379","85.02900141088%"
"2025-07-01","A DIVISION","3","2","1,742","2,085","83.54916067146%"
"2025-07-01","A DIVISION","4","1","7,058","8,145","86.65438919583%"
"2025-07-01","A DIVISION","4","2","1,926","2,430","79.25925925926%"
"2025-07-01","A DIVISION","5","1","5,722","6,732","84.99702911468%"
"2025-07-01","A DIVISION","5","2","1,982","2,248","88.16725978648%"
"2025-07-01","A DIVISION","6","1","10,722","12,310","87.09991876523%"
"2025-07-01","A DIVISION","6","2","2,626","2,900","90.55172413793%"
"2025-07-01","A DIVISION","7","1","12,636","14,124","89.46474086661%"
"2025-07-01","A DIVISION","7","2","3,355","3,526","95.15031196824%"
"2025-07-01","A DIVISION","S 42nd","1","11,380","11,386","99.94730370631%"
"2025-07-01","A DIVISION","S 42nd","2","3,094","3,096","99.9354005168%"
"2025-07-01","B DIVISION","A","1","6,562","8,250","79.53939393939%"
"2025-07-01","B DIVISION","A","2","2,180","2,550","85.49019607843%"
"2025-07-01","B DIVISION","B","1","3,261","4,840","67.37603305785%"
"2025-07-01","B DIVISION","C","1","3,783","4,884","77.457002457%"
"2025-07-01","B DIVISION","C","2","1,210","1,440","84.02777777778%"
"2025-07-01","B DIVISION","D","1","4,900","6,512","75.2457002457%"
"2025-07-01","B DIVISION","D","2","1,589","1,944","81.73868312757%"
"2025-07-01","B DIVISION","E","1","6,013","8,712","69.01974288338%"
"2025-07-01","B DIVISION","E","2","1,626","1,898","85.66912539515%"
"2025-07-01","B DIVISION","F","1","5,816","8,378","69.41990928623%"
"2025-07-01","B DIVISION","F","2","1,471","1,920","76.61458333333%"
"2025-07-01","B DIVISION","G","1","5,793","6,736","86.00059382423%"
"2025-07-01","B DIVISION","G","2","2,136","2,318","92.14840379638%"
"2025-07-01","B DIVISION","JZ","1","5,972","6,533","91.41282718506%"
"2025-07-01","B DIVISION","JZ","2","1,945","2,226","87.37646001797%"
"2025-07-01","B DIVISION","L","1","11,085","12,341","89.8225427437%"
"2025-07-01","B DIVISION","L","2","4,198","4,717","88.99724401102%"
"2025-07-01","B DIVISION","M","1","4,950","6,414","77.17492984097%"
"2025-07-01","B DIVISION","M","2","1,707","1,790","95.36312849162%"
"2025-07-01","B DIVISION","N","1","7,730","10,444","74.01378782076%"
"2025-07-01","B DIVISION","N","2","1,466","1,944","75.41152263374%"
"2025-07-01","B DIVISION","Q","1","5,370","6,930","77.48917748918%"
"2025-07-01","B DIVISION","Q","2","2,111","2,456","85.95276872964%"
"2025-07-01","B DIVISION","R","1","4,883","6,627","73.68341632715%"
"2025-07-01","B DIVISION","R","2","1,754","1,923","91.21164846594%"
"2025-07-01","B DIVISION","S Fkln","1","5,207","5,236","99.4461420932%"
"2025-07-01","B DIVISION","S Fkln","2","2,139","2,142","99.85994397759%"
"2025-07-01","B DIVISION","S Rock","1","3,430","3,696","92.80303030303%"
"2025-07-01","B DIVISION","S Rock","2","1,282","1,422","90.1547116737%"
"2025-08-01","A DIVISION","1","1","8,365","9,672","86.48676592225%"
"2025-08-01","A DIVISION","1","2","3,442","3,744","91.93376068376%"
"2025-08-01","A DIVISION","2","1","5,050","6,886","73.33720592507%"
"2025-08-01","A DIVISION","2","2","2,246","2,956","75.98105548038%"
"2025-08-01","A DIVISION","3","1","5,093","6,126","83.13744694744%"
"2025-08-01","A DIVISION","3","2","1,840","2,307","79.75726051149%"
"2025-08-01","A DIVISION","4","1","6,598","7,670","86.02346805737%"
"2025-08-01","A DIVISION","4","2","1,884","2,546","73.99842890809%"
"2025-08-01","A DIVISION","5","1","5,561","6,734","82.58093258093%"
"2025-08-01","A DIVISION","5","2","2,035","2,207","92.20661531491%"
"2025-08-01","A DIVISION","6","1","10,187","11,728","86.8605047749%"
"2025-08-01","A DIVISION","6","2","2,404","2,836","84.76727785614%"
"2025-08-01","A DIVISION","7","1","12,319","13,482","91.37368342976%"
"2025-08-01","A DIVISION","7","2","3,555","3,920","90.6887755102%"
"2025-08-01","A DIVISION","S 42nd","1","10,974","11,018","99.60065347613%"
"2025-08-01","A DIVISION","S 42nd","2","3,011","3,012","99.96679946879%"
"2025-08-01","B DIVISION","A","1","6,599","7,850","84.06369426752%"
"2025-08-01","B DIVISION","A","2","2,260","2,737","82.5721592985%"
"2025-08-01","B DIVISION","B","1","3,480","4,620","75.32467532468%"
"2025-08-01","B DIVISION","C","1","3,691","4,662","79.17202917203%"
"2025-08-01","B DIVISION","C","2","1,231","1,560","78.91025641026%"
"2025-08-01","B DIVISION","D","1","5,208","6,216","83.78378378378%"
"2025-08-01","B DIVISION","D","2","1,664","2,160","77.03703703704%"
"2025-08-01","B DIVISION","E","1","6,593","8,526","77.32817264837%"
"2025-08-01","B DIVISION","E","2","1,808","2,100","86.09523809524%"
"2025-08-01","B DIVISION","F","1","5,897","8,160","72.26715686275%"
"2025-08-01","B DIVISION","F","2","1,650","2,090","78.94736842105%"
"2025-08-01","B DIVISION","G","1","5,486","6,255","87.70583533173%"
"2025-08-01","B DIVISION","G","2","2,596","2,826","91.86128803963%"
"2025-08-01","B DIVISION","JZ","1","5,518","6,243","88.38699343264%"
"2025-08-01","B DIVISION","JZ","2","1,979","2,234","88.58549686661%"
"2025-08-01","B DIVISION","L","1","10,624","11,458","92.72124279979%"
"2025-08-01","B DIVISION","L","2","4,378","4,720","92.75423728814%"
"2025-08-01","B DIVISION","M","1","5,193","6,121","84.83907858193%"
"2025-08-01","B DIVISION","M","2","1,943","2,014","96.47467725919%"
"2025-08-01","B DIVISION","N","1","7,537","9,620","78.34719334719%"
"2025-08-01","B DIVISION","N","2","1,521","2,408","63.16445182724%"
"2025-08-01","B DIVISION","Q","1","5,158","6,551","78.73607082888%"
"2025-08-01","B DIVISION","Q","2","2,234","2,664","83.85885885886%"
"2025-08-01","B DIVISION","R","1","5,011","6,273","79.88203411446%"
"2025-08-01","B DIVISION","R","2","1,977","2,154","91.78272980501%"
"2025-08-01","B DIVISION","S Fkln","1","4,952","4,998","99.07963185274%"
"2025-08-01","B DIVISION","S Fkln","2","2,378","2,380","99.91596638655%"
"2025-08-01","B DIVISION","S Rock","1","3,370","3,520","95.73863636364%"
"2025-08-01","B DIVISION","S Rock","2","1,198","1,328","90.21084337349%"
"2025-09-01","A DIVISION","1","1","7,835","9,728","80.54070723684%"
"2025-09-01","A DIVISION","1","2","3,162","3,366","93.93939393939%"
"2025-09-01","A DIVISION","2","1","4,742","6,807","69.66358160717%"
"2025-09-01","A DIVISION","2","2","1,328","2,118","62.70066100094%"
"2025-09-01","A DIVISION","3","1","4,803","6,122","78.45475334858%"
"2025-09-01","A DIVISION","3","2","1,426","2,074","68.75602700096%"
"2025-09-01","A DIVISION","4","1","6,261","7,773","80.54805094558%"
"2025-09-01","A DIVISION","4","2","1,956","2,388","81.90954773869%"
"2025-09-01","A DIVISION","5","1","5,419","6,811","79.562472471%"
"2025-09-01","A DIVISION","5","2","1,167","1,310","89.08396946565%"
"2025-09-01","A DIVISION","6","1","9,892","11,674","84.7353092342%"
"2025-09-01","A DIVISION","6","2","2,239","2,660","84.17293233083%"
"2025-09-01","A DIVISION","7","1","12,764","13,786","92.5866821413%"
"2025-09-01","A DIVISION","7","2","3,032","3,610","83.98891966759%"
"2025-09-01","A DIVISION","S 42nd","1","10,703","10,738","99.6740547588%"
"2025-09-01","A DIVISION","S 42nd","2","3,040","3,042","99.93425378041%"
"2025-09-01","B DIVISION","A","1","6,742","7,955","84.75172847266%"
"2025-09-01","B DIVISION","A","2","1,861","2,519","73.8785232235%"
"2025-09-01","B DIVISION","B","1","3,415","4,620","73.91774891775%"
"2025-09-01","B DIVISION","C","1","3,762","4,662","80.69498069498%"
"2025-09-01","B DIVISION","C","2","920","1,399","65.76125804146%"
"2025-09-01","B DIVISION","D","1","5,365","6,253","85.79881656805%"
"2025-09-01","B DIVISION","D","2","2,064","2,373","86.97850821745%"
"2025-09-01","B DIVISION","E","1","7,194","8,610","83.55400696864%"
"2025-09-01","B DIVISION","E","2","1,667","1,884","88.48195329087%"
"2025-09-01","B DIVISION","F","1","6,939","8,568","80.98739495798%"
"2025-09-01","B DIVISION","F","2","1,464","1,874","78.12166488794%"
"2025-09-01","B DIVISION","G","1","5,566","6,315","88.13935075218%"
"2025-09-01","B DIVISION","G","2","2,229","2,346","95.01278772379%"
"2025-09-01","B DIVISION","JZ","1","5,765","6,237","92.43225909893%"
"2025-09-01","B DIVISION","JZ","2","2,053","2,202","93.23342415985%"
"2025-09-01","B DIVISION","L","1","10,493","11,450","91.64192139738%"
"2025-09-01","B DIVISION","L","2","4,073","4,222","96.47086688773%"
"2025-09-01","B DIVISION","M","1","5,393","6,132","87.94846705806%"
"2025-09-01","B DIVISION","M","2","2,211","2,254","98.09228039042%"
"2025-09-01","B DIVISION","N","1","7,449","9,924","75.06045949214%"
"2025-09-01","B DIVISION","N","2","1,824","2,376","76.76767676768%"
"2025-09-01","B DIVISION","Q","1","5,360","6,678","80.26355196167%"
"2025-09-01","B DIVISION","Q","2","1,753","2,250","77.91111111111%"
"2025-09-01","B DIVISION","R","1","5,182","6,328","81.89001264223%"
"2025-09-01","B DIVISION","R","2","1,805","1,935","93.28165374677%"
"2025-09-01","B DIVISION","S Fkln","1","4,993","4,998","99.89995998399%"
"2025-09-01","B DIVISION","S Fkln","2","2,130","2,142","99.43977591036%"
"2025-09-01","B DIVISION","S Rock","1","3,338","3,505","95.23537803138%"
"2025-09-01","B DIVISION","S Rock","2","1,033","1,085","95.20737327189%"
"2025-10-01","A DIVISION","1","1","8,679","10,626","81.67701863354%"
"2025-10-01","A DIVISION","1","2","2,414","2,720","88.75%"
"2025-10-01","A DIVISION","2","1","5,539","7,501","73.843487535%"
"2025-10-01","A DIVISION","2","2","1,263","1,844","68.49240780911%"
"2025-10-01","A DIVISION","3","1","5,440","6,532","83.28230251072%"
"2025-10-01","A DIVISION","3","2","1,279","1,617","79.09709338281%"
"2025-10-01","A DIVISION","4","1","7,172","8,512","84.25751879699%"
"2025-10-01","A DIVISION","4","2","1,471","2,136","68.8670411985%"
"2025-10-01","A DIVISION","5","1","6,073","7,435","81.68123739072%"
"2025-10-01","A DIVISION","5","2","1,317","1,510","87.21854304636%"
"2025-10-01","A DIVISION","6","1","10,557","12,798","82.48945147679%"
"2025-10-01","A DIVISION","6","2","1,868","2,384","78.35570469799%"
"2025-10-01","A DIVISION","7","1","13,147","14,388","91.37475674173%"
"2025-10-01","A DIVISION","7","2","2,283","2,642","86.41180923543%"
"2025-10-01","A DIVISION","S 42nd","1","11,994","12,034","99.66760844275%"
"2025-10-01","A DIVISION","S 42nd","2","2,867","2,870","99.89547038328%"
"2025-10-01","B DIVISION","A","1","6,980","8,719","80.05505218488%"
"2025-10-01","B DIVISION","A","2","2,139","2,554","83.7509788567%"
"2025-10-01","B DIVISION","B","1","3,357","4,948","67.84559417947%"
"2025-10-01","B DIVISION","C","1","3,775","5,106","73.93262828045%"
"2025-10-01","B DIVISION","C","2","939","1,248","75.24038461538%"
"2025-10-01","B DIVISION","D","1","5,572","6,844","81.41437755698%"
"2025-10-01","B DIVISION","D","2","1,862","2,157","86.32359758924%"
"2025-10-01","B DIVISION","E","1","7,136","9,430","75.67338282078%"
"2025-10-01","B DIVISION","E","2","1,777","1,970","90.20304568528%"
"2025-10-01","B DIVISION","F","1","6,894","9,013","76.48951514479%"
"2025-10-01","B DIVISION","F","2","1,396","1,672","83.49282296651%"
"2025-10-01","B DIVISION","G","1","6,278","7,077","88.70990532712%"
"2025-10-01","B DIVISION","G","2","1,740","1,912","91.00418410042%"
"2025-10-01","B DIVISION","JZ","1","6,254","6,831","91.55321329234%"
"2025-10-01","B DIVISION","JZ","2","1,750","1,968","88.92276422764%"
"2025-10-01","B DIVISION","L","1","10,748","12,266","87.6243274091%"
"2025-10-01","B DIVISION","L","2","2,779","2,915","95.33447684391%"
"2025-10-01","B DIVISION","M","1","5,662","6,716","84.30613460393%"
"2025-10-01","B DIVISION","M","2","1,462","1,559","93.77806286081%"
"2025-10-01","B DIVISION","N","1","7,952","10,870","73.15547378105%"
"2025-10-01","B DIVISION","N","2","1,207","1,728","69.84953703704%"
"2025-10-01","B DIVISION","Q","1","5,564","7,325","75.9590443686%"
"2025-10-01","B DIVISION","Q","2","1,692","2,064","81.97674418605%"
"2025-10-01","B DIVISION","R","1","5,663","6,942","81.57591472198%"
"2025-10-01","B DIVISION","R","2","1,560","1,722","90.59233449477%"
"2025-10-01","B DIVISION","S Fkln","1","5,465","5,474","99.83558640848%"
"2025-10-01","B DIVISION","S Fkln","2","1,886","1,904","99.05462184874%"
"2025-10-01","B DIVISION","S Rock","1","3,542","3,674","96.40718562874%"
"2025-10-01","B DIVISION","S Rock","2","615","626","98.2428115016%"
"2025-11-01","A DIVISION","1","1","7,518","8,898","84.49089683075%"
"2025-11-01","A DIVISION","1","2","3,073","3,428","89.64410735123%"
"2025-11-01","A DIVISION","2","1","4,376","6,220","70.3536977492%"
"2025-11-01","A DIVISION","2","2","1,820","2,520","72.22222222222%"
"2025-11-01","A DIVISION","3","1","4,457","5,498","81.06584212441%"
"2025-11-01","A DIVISION","3","2","1,978","2,336","84.67465753425%"
"2025-11-01","A DIVISION","4","1","5,874","7,099","82.74404845753%"
"2025-11-01","A DIVISION","4","2","2,270","2,925","77.60683760684%"
"2025-11-01","A DIVISION","5","1","5,156","6,251","82.48280275156%"
"2025-11-01","A DIVISION","5","2","1,369","1,635","83.73088685015%"
"2025-11-01","A DIVISION","6","1","8,662","10,635","81.44804889516%"
"2025-11-01","A DIVISION","6","2","3,248","4,135","78.54897218863%"
"2025-11-01","A DIVISION","7","1","10,182","11,360","89.63028169014%"
"2025-11-01","A DIVISION","7","2","3,092","3,474","89.00402993667%"
"2025-11-01","A DIVISION","S 42nd","1","9,850","9,862","99.87832082742%"
"2025-11-01","A DIVISION","S 42nd","2","3,763","3,784","99.44503171247%"
"2025-11-01","B DIVISION","A","1","5,887","7,359","79.99728223943%"
"2025-11-01","B DIVISION","A","2","2,418","3,084","78.4046692607%"
"2025-11-01","B DIVISION","B","1","2,872","3,988","72.01604814443%"
"2025-11-01","B DIVISION","C","1","3,500","4,218","82.97771455666%"
"2025-11-01","B DIVISION","C","2","1,204","1,710","70.40935672515%"
"2025-11-01","B DIVISION","D","1","4,668","5,624","83.00142247511%"
"2025-11-01","B DIVISION","D","2","2,077","2,379","87.30559058428%"
"2025-11-01","B DIVISION","E","1","5,961","7,789","76.53100526383%"
"2025-11-01","B DIVISION","E","2","2,000","2,304","86.80555555556%"
"2025-11-01","B DIVISION","F","1","5,861","7,579","77.3321018604%"
"2025-11-01","B DIVISION","F","2","1,852","2,294","80.73234524847%"
"2025-11-01","B DIVISION","G","1","5,008","5,662","88.44931119746%"
"2025-11-01","B DIVISION","G","2","2,570","2,778","92.51259899208%"
"2025-11-01","B DIVISION","JZ","1","5,308","5,643","94.06344143186%"
"2025-11-01","B DIVISION","JZ","2","2,439","2,692","90.60178306092%"
"2025-11-01","B DIVISION","L","1","9,255","10,267","90.14317716957%"
"2025-11-01","B DIVISION","L","2","4,303","4,592","93.70644599303%"
"2025-11-01","B DIVISION","M","1","4,901","5,548","88.33813987022%"
"2025-11-01","B DIVISION","M","2","2,671","2,758","96.84554024656%"
"2025-11-01","B DIVISION","N","1","6,956","8,998","77.30606801511%"
"2025-11-01","B DIVISION","N","2","1,669","2,378","70.1850294365%"
"2025-11-01","B DIVISION","Q","1","4,626","5,984","77.30614973262%"
"2025-11-01","B DIVISION","Q","2","2,387","2,710","88.08118081181%"
"2025-11-01","B DIVISION","R","1","4,786","5,745","83.30722367276%"
"2025-11-01","B DIVISION","R","2","2,180","2,367","92.099704267%"
"2025-11-01","B DIVISION","S Fkln","1","4,511","4,522","99.75674480318%"
"2025-11-01","B DIVISION","S Fkln","2","2,609","2,618","99.65622612681%"
"2025-11-01","B DIVISION","S Rock","1","3,041","3,171","95.90034689372%"
"2025-11-01","B DIVISION","S Rock","2","1,031","1,078","95.6400742115%"
"2025-12-01","A DIVISION","1","1","8,023","10,198","78.67228868406%"
"2025-12-01","A DIVISION","1","2","2,849","3,264","87.28553921569%"
"2025-12-01","A DIVISION","2","1","5,007","7,172","69.81316229782%"
"2025-12-01","A DIVISION","2","2","1,387","2,080","66.68269230769%"
"2025-12-01","A DIVISION","3","1","5,145","6,396","80.44090056285%"
"2025-12-01","A DIVISION","3","2","1,557","1,972","78.95537525355%"
"2025-12-01","A DIVISION","4","1","6,792","8,279","82.03889358618%"
"2025-12-01","A DIVISION","4","2","1,930","2,387","80.85462924173%"
"2025-12-01","A DIVISION","5","1","5,869","7,183","81.7068077405%"
"2025-12-01","A DIVISION","5","2","1,771","2,137","82.87318671034%"
"2025-12-01","A DIVISION","6","1","10,301","12,261","84.01435445722%"
"2025-12-01","A DIVISION","6","2","2,314","2,776","83.35734870317%"
"2025-12-01","A DIVISION","7","1","12,446","14,086","88.35723413318%"
"2025-12-01","A DIVISION","7","2","2,724","3,042","89.54635108481%"
"2025-12-01","A DIVISION","S 42nd","1","11,296","11,316","99.82325910216%"
"2025-12-01","A DIVISION","S 42nd","2","3,042","3,042","100%"
"2025-12-01","B DIVISION","A","1","6,763","8,482","79.73355340722%"
"2025-12-01","B DIVISION","A","2","1,867","2,416","77.27649006623%"
"2025-12-01","B DIVISION","B","1","3,414","4,686","72.85531370038%"
"2025-12-01","B DIVISION","C","1","4,166","4,926","84.57166057653%"
"2025-12-01","B DIVISION","C","2","1,031","1,388","74.2795389049%"
"2025-12-01","B DIVISION","D","1","5,222","6,519","80.10431047707%"
"2025-12-01","B DIVISION","D","2","1,537","1,944","79.06378600823%"
"2025-12-01","B DIVISION","E","1","6,670","9,021","73.93858773972%"
"2025-12-01","B DIVISION","E","2","1,632","1,884","86.62420382166%"
"2025-12-01","B DIVISION","F","1","6,296","8,624","73.00556586271%"
"2025-12-01","B DIVISION","F","2","1,507","1,874","80.41622198506%"
"2025-12-01","B DIVISION","G","1","5,540","6,558","84.4769746874%"
"2025-12-01","B DIVISION","G","2","2,078","2,196","94.62659380692%"
"2025-12-01","B DIVISION","JZ","1","5,879","6,527","90.07200857975%"
"2025-12-01","B DIVISION","JZ","2","1,958","2,116","92.53308128544%"
"2025-12-01","B DIVISION","L","1","10,704","12,258","87.3225648556%"
"2025-12-01","B DIVISION","L","2","3,735","4,222","88.46518237802%"
"2025-12-01","B DIVISION","M","1","5,456","6,526","83.60404535703%"
"2025-12-01","B DIVISION","M","2","2,131","2,248","94.79537366548%"
"2025-12-01","B DIVISION","N","1","7,816","10,437","74.88741975664%"
"2025-12-01","B DIVISION","N","2","1,184","1,944","60.90534979424%"
"2025-12-01","B DIVISION","Q","1","5,565","7,041","79.03706859821%"
"2025-12-01","B DIVISION","Q","2","2,306","2,720","84.77941176471%"
"2025-12-01","B DIVISION","R","1","5,313","6,654","79.84670874662%"
"2025-12-01","B DIVISION","R","2","1,659","1,936","85.69214876033%"
"2025-12-01","B DIVISION","S Fkln","1","5,158","5,236","98.5103132162%"
"2025-12-01","B DIVISION","S Fkln","2","1,646","1,666","98.79951980792%"
"2025-12-01","B DIVISION","S Rock","1","3,542","3,732","94.9088960343%"
"2025-12-01","B DIVISION","S Rock","2","1,293","1,350","95.77777777778%"
